date,area,name,uri
2016-04-11,western,K. Towns,/players/t/townska01.html
2016-04-11,eastern,P. Millsap,/players/m/millspa01.html
2016-04-04,western,J. Barea,/players/b/bareajo01.html
2016-04-04,eastern,L. James,/players/j/jamesle01.html
2016-03-28,western,K. Thompson,/players/t/thompkl01.html
2016-03-28,eastern,L. James,/players/j/jamesle01.html
2016-03-21,western,K. Durant,/players/d/duranke01.html
2016-03-21,eastern,K. Lowry,/players/l/lowryky01.html
2016-03-14,western,S. Curry,/players/c/curryst01.html
2016-03-14,eastern,K. Walker,/players/w/walkeke02.html
2016-03-07,western,K. Leonard,/players/l/leonaka01.html
2016-03-07,eastern,L. James,/players/j/jamesle01.html
2016-02-29,western,S. Curry,/players/c/curryst01.html
2016-02-29,eastern,K. Lowry,/players/l/lowryky01.html
2016-02-08,western,L. Aldridge,/players/a/aldrila01.html
2016-02-08,eastern,I. Thomas,/players/t/thomais02.html
2016-02-01,western,K. Durant,/players/d/duranke01.html
2016-02-01,eastern,D. Wade,/players/w/wadedw01.html
2016-01-25,western,D. Cousins,/players/c/couside01.html
2016-01-25,eastern,K. Walker,/players/w/walkeke02.html
2016-01-18,western,K. Durant,/players/d/duranke01.html
2016-01-18,eastern,J. Wall,/players/w/walljo01.html
2016-01-11,western,C. Paul,/players/p/paulch01.html
2016-01-11,eastern,L. James,/players/j/jamesle01.html
2016-01-04,western,D. Green,/players/g/greendr01.html
2016-01-04,eastern,B. Lopez,/players/l/lopezbr01.html
2015-12-28,western,R. Westbrook,/players/w/westbru01.html
2015-12-28,eastern,M. Gortat,/players/g/gortama01.html
2015-12-21,western,K. Leonard,/players/l/leonaka01.html
2015-12-21,eastern,R. Jackson,/players/j/jacksre01.html
2015-12-14,western,K. Durant,/players/d/duranke01.html
2015-12-14,eastern,D. DeRozan,/players/d/derozde01.html
2015-12-07,western,S. Curry,/players/c/curryst01.html
2015-12-07,eastern,R. Jackson,/players/j/jacksre01.html
2015-11-30,western,K. Durant,/players/d/duranke01.html
2015-11-30,eastern,P. George,/players/g/georgpa01.html
2015-11-23,western,S. Curry,/players/c/curryst01.html
2015-11-23,eastern,L. James,/players/j/jamesle01.html
2015-11-16,western,D. Cousins,/players/c/couside01.html
2015-11-16,eastern,N. Batum,/players/b/batumni01.html
2015-11-09,western,J. Harden,/players/h/hardeja01.html
2015-11-09,eastern,A. Drummond,/players/d/drumman01.html
2015-11-02,western,S. Curry,/players/c/curryst01.html
2015-11-02,eastern,A. Drummond,/players/d/drumman01.html
2015-04-13,western,T. Duncan,/players/d/duncati01.html
2015-04-13,eastern,I. Thomas,/players/t/thomais02.html
2015-04-06,western,J. Harden,/players/h/hardeja01.html
2015-04-06,eastern,B. Lopez,/players/l/lopezbr01.html
2015-03-30,western,S. Curry,/players/c/curryst01.html
2015-03-30,eastern,B. Lopez,/players/l/lopezbr01.html
2015-03-23,western,C. Paul,/players/p/paulch01.html
2015-03-23,eastern,D. Wade,/players/w/wadedw01.html
2015-03-16,western,A. Davis,/players/d/davisan02.html
2015-03-16,eastern,K. Irving,/players/i/irvinky01.html
2015-03-09,western,R. Westbrook,/players/w/westbru01.html
2015-03-09,eastern,M. Williams,/players/w/willima01.html
2015-03-02,western,D. Lillard,/players/l/lillada01.html
2015-03-02,eastern,I. Thomas,/players/t/thomais02.html
2015-02-09,western,R. Westbrook,/players/w/westbru01.html
2015-02-09,eastern,G. Antetokounmpo,/players/a/antetgi01.html
2015-02-02,western,Z. Randolph,/players/r/randoza01.html
2015-02-02,eastern,K. Irving,/players/i/irvinky01.html
2015-01-26,western,K. Thompson,/players/t/thompkl01.html
2015-01-26,eastern,L. James,/players/j/jamesle01.html
2015-01-19,western,M. Williams,/players/w/willima01.html
2015-01-19,eastern,A. Horford,/players/h/horfoal01.html
2015-01-12,western,K. Thompson,/players/t/thompkl01.html
2015-01-12,eastern,K. Walker,/players/w/walkeke02.html
2015-01-05,western,K. Durant,/players/d/duranke01.html
2015-01-05,eastern,J. Teague,/players/t/teaguje01.html
2014-12-29,western,J. Harden,/players/h/hardeja01.html
2014-12-29,eastern,J. Butler,/players/b/butleji01.html
2014-12-22,western,L. Aldridge,/players/a/aldrila01.html
2014-12-22,eastern,A. Horford,/players/h/horfoal01.html
2014-12-15,western,J. Harden,/players/h/hardeja01.html
2014-12-15,eastern,J. Wall,/players/w/walljo01.html
2014-12-08,western,L. Aldridge,/players/a/aldrila01.html
2014-12-08,eastern,K. Lowry,/players/l/lowryky01.html
2014-12-01,western,B. Griffin,/players/g/griffbl01.html
2014-12-01,eastern,L. James,/players/j/jamesle01.html
2014-11-24,western,D. Cousins,/players/c/couside01.html
2014-11-24,eastern,L. Williams,/players/w/willilo02.html
2014-11-17,western,D. Lillard,/players/l/lillada01.html
2014-11-17,eastern,L. James,/players/j/jamesle01.html
2014-11-10,western,S. Curry,/players/c/curryst01.html
2014-11-10,eastern,D. Williams,/players/w/willide01.html
2014-11-03,western,K. Thompson,/players/t/thompkl01.html
2014-11-03,eastern,C. Bosh,/players/b/boshch01.html
2014-04-14,western,M. Ellis,/players/e/ellismo01.html
2014-04-14,eastern,J. Teague,/players/t/teaguje01.html
2014-04-07,western,D. Nowitzki,/players/n/nowitdi01.html
2014-04-07,eastern,A. Jefferson,/players/j/jeffeal01.html
2014-03-31,western,T. Duncan,/players/d/duncati01.html
2014-03-31,eastern,N. Vucevic,/players/v/vucevni01.html
2014-03-24,western,K. Durant,/players/d/duranke01.html
2014-03-24,eastern,J. Johnson,/players/j/johnsjo02.html
2014-03-17,western,B. Griffin,/players/g/griffbl01.html
2014-03-17,eastern,A. Jefferson,/players/j/jeffeal01.html
2014-03-10,western,J. Harden,/players/h/hardeja01.html
2014-03-10,eastern,C. Anthony,/players/a/anthoca01.html
2014-03-03,western,J. Harden,/players/h/hardeja01.html
2014-03-03,eastern,J. Wall,/players/w/walljo01.html
2014-02-24,western,K. Love,/players/l/loveke01.html
2014-02-24,eastern,K. Walker,/players/w/walkeke02.html
2014-02-10,western,K. Durant,/players/d/duranke01.html
2014-02-10,eastern,J. Sullinger,/players/s/sullija01.html
2014-02-03,western,G. Dragic,/players/d/dragigo01.html
2014-02-03,eastern,K. Lowry,/players/l/lowryky01.html
2014-01-27,western,K. Durant,/players/d/duranke01.html
2014-01-27,eastern,P. Millsap,/players/m/millspa01.html
2014-01-20,western,K. Durant,/players/d/duranke01.html
2014-01-20,eastern,P. George,/players/g/georgpa01.html
2014-01-13,western,D. Cousins,/players/c/couside01.html
2014-01-13,eastern,C. Anthony,/players/a/anthoca01.html
2014-01-06,western,D. Lee,/players/l/leeda02.html
2014-01-06,eastern,T. Young,/players/y/youngth01.html
2013-12-30,western,K. Durant,/players/d/duranke01.html
2013-12-30,eastern,C. Bosh,/players/b/boshch01.html
2013-12-23,western,B. Griffin,/players/g/griffbl01.html
2013-12-23,eastern,D. Wade,/players/w/wadedw01.html
2013-12-16,western,L. Aldridge,/players/a/aldrila01.html
2013-12-16,eastern,K. Irving,/players/i/irvinky01.html
2013-12-09,western,L. Aldridge,/players/a/aldrila01.html
2013-12-09,eastern,J. Crawford,/players/c/crawfjo02.html
2013-12-02,western,K. Durant,/players/d/duranke01.html
2013-12-02,eastern,L. James,/players/j/jamesle01.html
2013-11-25,western,L. Aldridge,/players/a/aldrila01.html
2013-11-25,eastern,J. Wall,/players/w/walljo01.html
2013-11-18,western,B. Griffin,/players/g/griffbl01.html
2013-11-18,eastern,L. James,/players/j/jamesle01.html
2013-11-11,western,M. Morris,/players/m/morrima02.html
2013-11-11,eastern,P. George,/players/g/georgpa01.html
2013-11-04,western,K. Love,/players/l/loveke01.html
2013-11-04,eastern,M. Carter-Williams,/players/c/cartemi01.html
2013-04-14,western,K. Bryant,/players/b/bryanko01.html
2013-04-14,eastern,C. Anthony,/players/a/anthoca01.html
2013-04-07,western,N. Pekovic,/players/p/pekovni01.html
2013-04-07,eastern,C. Anthony,/players/a/anthoca01.html
2013-03-31,western,A. Jefferson,/players/j/jeffeal01.html
2013-03-31,eastern,J. Smith,/players/s/smithjr01.html
2013-03-24,western,J. Harden,/players/h/hardeja01.html
2013-03-24,eastern,L. James,/players/j/jamesle01.html
2013-03-17,western,L. Aldridge,/players/a/aldrila01.html
2013-03-17,eastern,J. Wall,/players/w/walljo01.html
2013-03-10,western,K. Bryant,/players/b/bryanko01.html
2013-03-10,eastern,D. Wade,/players/w/wadedw01.html
2013-03-03,western,T. Lawson,/players/l/lawsoty01.html
2013-03-03,eastern,M. Ellis,/players/e/ellismo01.html
2013-02-24,western,K. Bryant,/players/b/bryanko01.html
2013-02-24,eastern,L. James,/players/j/jamesle01.html
2013-02-10,western,R. Westbrook,/players/w/westbru01.html
2013-02-10,eastern,L. James,/players/j/jamesle01.html
2013-02-03,western,D. Lee,/players/l/leeda02.html
2013-02-03,eastern,N. Robinson,/players/r/robinna01.html
2013-01-27,western,T. Parker,/players/p/parketo01.html
2013-01-27,eastern,K. Irving,/players/i/irvinky01.html
2013-01-20,western,K. Durant,/players/d/duranke01.html
2013-01-20,eastern,C. Boozer,/players/b/boozeca01.html
2013-01-13,western,K. Durant,/players/d/duranke01.html
2013-01-13,eastern,B. Jennings,/players/j/jennibr01.html
2013-01-06,western,J. Harden,/players/h/hardeja01.html
2013-01-06,eastern,C. Anthony,/players/a/anthoca01.html
2012-12-30,western,G. Vasquez,/players/v/vasqugr01.html
2012-12-30,eastern,M. Ellis,/players/e/ellismo01.html
2012-12-23,western,C. Paul,/players/p/paulch01.html
2012-12-23,eastern,L. James,/players/j/jamesle01.html
2012-12-16,western,D. Lee,/players/l/leeda02.html
2012-12-16,eastern,P. George,/players/g/georgpa01.html
2012-12-09,western,B. Griffin,/players/g/griffbl01.html
2012-12-09,eastern,J. Smith,/players/s/smithjo03.html
2012-12-02,western,K. Durant,/players/d/duranke01.html
2012-12-02,eastern,C. Anthony,/players/a/anthoca01.html
2012-11-25,western,T. Duncan,/players/d/duncati01.html
2012-11-25,eastern,A. Horford,/players/h/horfoal01.html
2012-11-18,western,K. Durant,/players/d/duranke01.html
2012-11-18,eastern,L. James,/players/j/jamesle01.html
2012-11-11,western,K. Faried,/players/f/farieke01.html
2012-11-11,eastern,L. James,/players/j/jamesle01.html
2012-11-04,western,J. Harden,/players/h/hardeja01.html
2012-11-04,eastern,B. Jennings,/players/j/jennibr01.html
2012-04-22,western,A. Jefferson,/players/j/jeffeal01.html
2012-04-22,eastern,L. James,/players/j/jamesle01.html
2012-04-15,western,A. Bynum,/players/b/bynuman01.html
2012-04-15,eastern,K. Garnett,/players/g/garneke01.html
2012-04-08,western,G. Dragic,/players/d/dragigo01.html
2012-04-08,eastern,L. James,/players/j/jamesle01.html
2012-04-01,western,C. Paul,/players/p/paulch01.html
2012-04-01,eastern,P. Pierce,/players/p/piercpa01.html
2012-03-25,western,K. Durant,/players/d/duranke01.html
2012-03-25,eastern,J. Johnson,/players/j/johnsjo02.html
2012-03-18,western,A. Bynum,/players/b/bynuman01.html
2012-03-18,eastern,D. Gooden,/players/g/goodedr01.html
2012-03-11,western,M. Ellis,/players/e/ellismo01.html
2012-03-11,eastern,E. Ilyasova,/players/i/ilyaser01.html
2012-03-04,western,T. Lawson,/players/l/lawsoty01.html
2012-03-04,eastern,D. Rose,/players/r/rosede01.html
2012-02-19,western,K. Durant,/players/d/duranke01.html
2012-02-19,eastern,L. James,/players/j/jamesle01.html
2012-02-12,western,R. Westbrook,/players/w/westbru01.html
2012-02-12,eastern,J. Lin,/players/l/linje01.html
2012-02-05,western,T. Parker,/players/p/parketo01.html
2012-02-05,eastern,P. Pierce,/players/p/piercpa01.html
2012-01-29,western,R. Westbrook,/players/w/westbru01.html
2012-01-29,eastern,L. James,/players/j/jamesle01.html
2012-01-22,western,M. Gasol,/players/g/gasolma01.html
2012-01-22,eastern,D. Howard,/players/h/howardw01.html
2012-01-15,western,K. Bryant,/players/b/bryanko01.html
2012-01-15,eastern,D. Rose,/players/r/rosede01.html
2012-01-08,western,K. Bryant,/players/b/bryanko01.html
2012-01-08,eastern,L. James,/players/j/jamesle01.html
2012-01-01,western,K. Durant,/players/d/duranke01.html
2012-01-01,eastern,L. James,/players/j/jamesle01.html
2011-04-10,western,K. Durant,/players/d/duranke01.html
2011-04-10,eastern,C. Anthony,/players/a/anthoca01.html
2011-04-03,western,Z. Randolph,/players/r/randoza01.html
2011-04-03,eastern,C. Anthony,/players/a/anthoca01.html
2011-03-27,western,K. Bryant,/players/b/bryanko01.html
2011-03-27,eastern,D. Howard,/players/h/howardw01.html
2011-03-20,western,K. Lowry,/players/l/lowryky01.html
2011-03-20,eastern,L. James,/players/j/jamesle01.html
2011-03-13,western,T. Parker,/players/p/parketo01.html
2011-03-13,eastern,D. Wade,/players/w/wadedw01.html
2011-03-06,western,R. Westbrook,/players/w/westbru01.html
2011-03-06,eastern,P. Pierce,/players/p/piercpa01.html
2011-02-27,western,K. Martin,/players/m/martike02.html
2011-02-27,eastern,D. Howard,/players/h/howardw01.html
2011-02-13,western,L. Aldridge,/players/a/aldrila01.html
2011-02-13,eastern,D. Howard,/players/h/howardw01.html
2011-02-06,western,K. Durant,/players/d/duranke01.html
2011-02-06,eastern,L. James,/players/j/jamesle01.html
2011-01-30,western,Z. Randolph,/players/r/randoza01.html
2011-01-30,eastern,L. James,/players/j/jamesle01.html
2011-01-23,western,L. Aldridge,/players/a/aldrila01.html
2011-01-23,eastern,D. Howard,/players/h/howardw01.html
2011-01-16,western,R. Westbrook,/players/w/westbru01.html
2011-01-16,eastern,D. Rose,/players/r/rosede01.html
2011-01-09,western,Z. Randolph,/players/r/randoza01.html
2011-01-09,eastern,L. James,/players/j/jamesle01.html
2011-01-02,western,C. Billups,/players/b/billuch01.html
2011-01-02,eastern,D. Wade,/players/w/wadedw01.html
2010-12-26,western,M. Ellis,/players/e/ellismo01.html
2010-12-26,eastern,L. James,/players/j/jamesle01.html
2010-12-19,western,T. Parker,/players/p/parketo01.html
2010-12-19,eastern,P. Pierce,/players/p/piercpa01.html
2010-12-12,western,D. Nowitzki,/players/n/nowitdi01.html
2010-12-12,eastern,D. Wade,/players/w/wadedw01.html
2010-12-05,western,R. Westbrook,/players/w/westbru01.html
2010-12-05,eastern,A. Stoudemire,/players/s/stoudam01.html
2010-11-28,western,D. Nowitzki,/players/n/nowitdi01.html
2010-11-28,eastern,D. Howard,/players/h/howardw01.html
2010-11-21,western,R. Westbrook,/players/w/westbru01.html
2010-11-21,eastern,A. Stoudemire,/players/s/stoudam01.html
2010-11-14,western,D. Williams,/players/w/willide01.html
2010-11-14,eastern,D. Rose,/players/r/rosede01.html
2010-11-07,western,C. Paul,/players/p/paulch01.html
2010-11-07,eastern,D. Howard,/players/h/howardw01.html
2010-10-31,western,P. Gasol,/players/g/gasolpa01.html
2010-10-31,eastern,R. Rondo,/players/r/rondora01.html
2010-04-11,western,D. Nowitzki,/players/n/nowitdi01.html
2010-04-11,eastern,D. Howard,/players/h/howardw01.html
2010-04-04,western,K. Durant,/players/d/duranke01.html
2010-04-04,eastern,C. Bosh,/players/b/boshch01.html
2010-03-28,western,M. Ginobili,/players/g/ginobma01.html
2010-03-28,eastern,D. Wade,/players/w/wadedw01.html
2010-03-21,western,P. Gasol,/players/g/gasolpa01.html
2010-03-21,eastern,P. Pierce,/players/p/piercpa01.html
2010-03-14,western,B. Roy,/players/r/roybr01.html
2010-03-14,eastern,A. Bogut,/players/b/bogutan01.html
2010-03-07,western,D. Nowitzki,/players/n/nowitdi01.html
2010-03-07,eastern,D. Wade,/players/w/wadedw01.html
2010-02-28,western,D. Nowitzki,/players/n/nowitdi01.html
2010-02-28,eastern,L. James,/players/j/jamesle01.html
2010-02-21,western,C. Boozer,/players/b/boozeca01.html
2010-02-21,eastern,D. Howard,/players/h/howardw01.html
2010-02-07,western,R. Westbrook,/players/w/westbru01.html
2010-02-07,eastern,L. James,/players/j/jamesle01.html
2010-01-31,western,K. Durant,/players/d/duranke01.html
2010-01-31,eastern,C. Bosh,/players/b/boshch01.html
2010-01-24,western,C. Billups,/players/b/billuch01.html
2010-01-24,eastern,L. James,/players/j/jamesle01.html
2010-01-17,western,C. Anthony,/players/a/anthoca01.html
2010-01-17,eastern,S. Jackson,/players/j/jacksst02.html
2010-01-10,western,C. Kaman,/players/k/kamanch01.html
2010-01-10,eastern,L. James,/players/j/jamesle01.html
2010-01-03,western,K. Durant,/players/d/duranke01.html
2010-01-03,eastern,D. Rose,/players/r/rosede01.html
2009-12-27,western,K. Bryant,/players/b/bryanko01.html
2009-12-27,eastern,L. James,/players/j/jamesle01.html
2009-12-20,western,K. Bryant,/players/b/bryanko01.html
2009-12-20,eastern,D. Howard,/players/h/howardw01.html
2009-12-13,western,D. Williams,/players/w/willide01.html
2009-12-13,eastern,R. Stuckey,/players/s/stuckro01.html
2009-12-06,western,C. Boozer,/players/b/boozeca01.html
2009-12-06,eastern,K. Garnett,/players/g/garneke01.html
2009-11-29,western,T. Duncan,/players/d/duncati01.html
2009-11-29,eastern,G. Wallace,/players/w/wallage01.html
2009-11-22,western,K. Bryant,/players/b/bryanko01.html
2009-11-22,eastern,L. James,/players/j/jamesle01.html
2009-11-15,western,D. Nowitzki,/players/n/nowitdi01.html
2009-11-15,eastern,B. Jennings,/players/j/jennibr01.html
2009-11-08,western,C. Kaman,/players/k/kamanch01.html
2009-11-08,eastern,J. Johnson,/players/j/johnsjo02.html
2009-11-01,western,C. Anthony,/players/a/anthoca01.html
2009-11-01,eastern,D. Howard,/players/h/howardw01.html
2009-04-12,western,B. Roy,/players/r/roybr01.html
2009-04-12,eastern,B. Gordon,/players/g/gordobe01.html
2009-04-05,western,J. Kidd,/players/k/kiddja01.html
2009-04-05,eastern,D. Howard,/players/h/howardw01.html
2009-03-29,western,T. Parker,/players/p/parketo01.html
2009-03-29,eastern,D. Howard,/players/h/howardw01.html
2009-03-22,western,C. Paul,/players/p/paulch01.html
2009-03-22,eastern,L. James,/players/j/jamesle01.html
2009-03-15,western,K. Bryant,/players/b/bryanko01.html
2009-03-15,eastern,L. James,/players/j/jamesle01.html
2009-03-08,western,D. Williams,/players/w/willide01.html
2009-03-08,eastern,D. Wade,/players/w/wadedw01.html
2009-03-01,western,D. West,/players/w/westda01.html
2009-03-01,eastern,D. Harris,/players/h/harride01.html
2009-02-22,western,P. Gasol,/players/g/gasolpa01.html
2009-02-22,eastern,D. Howard,/players/h/howardw01.html
2009-02-08,western,P. Gasol,/players/g/gasolpa01.html
2009-02-08,eastern,L. James,/players/j/jamesle01.html
2009-02-01,western,T. Parker,/players/p/parketo01.html
2009-02-01,eastern,D. Lee,/players/l/leeda02.html
2009-01-25,western,A. Bynum,/players/b/bynuman01.html
2009-01-25,eastern,L. James,/players/j/jamesle01.html
2009-01-18,western,C. Paul,/players/p/paulch01.html
2009-01-18,eastern,J. Nelson,/players/n/nelsoja01.html
2009-01-11,western,K. Bryant,/players/b/bryanko01.html
2009-01-11,eastern,D. Howard,/players/h/howardw01.html
2009-01-04,western,A. Jefferson,/players/j/jeffeal01.html
2009-01-04,eastern,R. Stuckey,/players/s/stuckro01.html
2008-12-28,western,K. Bryant,/players/b/bryanko01.html
2008-12-28,eastern,L. James,/players/j/jamesle01.html
2008-12-21,western,C. Paul,/players/p/paulch01.html
2008-12-21,eastern,J. Nelson,/players/n/nelsoja01.html
2008-12-14,western,T. Duncan,/players/d/duncati01.html
2008-12-14,eastern,A. Harrington,/players/h/harrial01.html
2008-12-07,western,D. Nowitzki,/players/n/nowitdi01.html
2008-12-07,eastern,D. Wade,/players/w/wadedw01.html
2008-11-30,western,B. Roy,/players/r/roybr01.html
2008-11-30,eastern,D. Harris,/players/h/harride01.html
2008-11-23,western,D. Nowitzki,/players/n/nowitdi01.html
2008-11-23,eastern,D. Wade,/players/w/wadedw01.html
2008-11-16,western,C. Billups,/players/b/billuch01.html
2008-11-16,eastern,L. James,/players/j/jamesle01.html
2008-11-09,western,A. Stoudemire,/players/s/stoudam01.html
2008-11-09,eastern,L. James,/players/j/jamesle01.html
2008-11-02,western,C. Paul,/players/p/paulch01.html
2008-11-02,eastern,C. Bosh,/players/b/boshch01.html
2008-04-13,western,A. Iverson,/players/i/iversal01.html
2008-04-13,eastern,K. Garnett,/players/g/garneke01.html
2008-04-06,western,K. Bryant,/players/b/bryanko01.html
2008-04-06,eastern,J. Johnson,/players/j/johnsjo02.html
2008-03-30,western,C. Anthony,/players/a/anthoca01.html
2008-03-30,eastern,J. Richardson,/players/r/richaja01.html
2008-03-23,western,C. Paul,/players/p/paulch01.html
2008-03-23,eastern,K. Garnett,/players/g/garneke01.html
2008-03-16,western,A. Stoudemire,/players/s/stoudam01.html
2008-03-16,eastern,A. Jamison,/players/j/jamisan01.html
2008-03-09,western,T. McGrady,/players/m/mcgratr01.html
2008-03-09,eastern,J. Richardson,/players/r/richaja01.html
2008-03-02,western,K. Bryant,/players/b/bryanko01.html
2008-03-02,eastern,A. Miller,/players/m/millean02.html
2008-02-24,western,M. Ginobili,/players/g/ginobma01.html
2008-02-24,eastern,L. James,/players/j/jamesle01.html
2008-02-10,western,A. Stoudemire,/players/s/stoudam01.html
2008-02-10,eastern,A. Miller,/players/m/millean02.html
2008-02-03,western,B. Miller,/players/m/millebr01.html
2008-02-03,eastern,H. Turkoglu,/players/t/turkohe01.html
2008-01-27,western,A. Jefferson,/players/j/jeffeal01.html
2008-01-27,eastern,H. Turkoglu,/players/t/turkohe01.html
2008-01-20,western,B. Davis,/players/d/davisba01.html
2008-01-20,eastern,G. Wallace,/players/w/wallage01.html
2008-01-13,western,K. Bryant,/players/b/bryanko01.html
2008-01-13,eastern,C. Bosh,/players/b/boshch01.html
2008-01-06,western,A. Iverson,/players/i/iversal01.html
2008-01-06,eastern,L. James,/players/j/jamesle01.html
2007-12-30,western,C. Paul,/players/p/paulch01.html
2007-12-30,eastern,P. Pierce,/players/p/piercpa01.html
2007-12-23,western,C. Anthony,/players/a/anthoca01.html
2007-12-23,eastern,J. Johnson,/players/j/johnsjo02.html
2007-12-16,western,B. Roy,/players/r/roybr01.html
2007-12-16,eastern,P. Pierce,/players/p/piercpa01.html
2007-12-09,western,B. Roy,/players/r/roybr01.html
2007-12-09,eastern,J. Smith,/players/s/smithjo03.html
2007-12-02,western,S. Jackson,/players/j/jacksst02.html
2007-12-02,eastern,D. Howard,/players/h/howardw01.html
2007-11-25,western,T. Parker,/players/p/parketo01.html
2007-11-25,eastern,L. James,/players/j/jamesle01.html
2007-11-18,western,A. Iverson,/players/i/iversal01.html
2007-11-18,eastern,D. Howard,/players/h/howardw01.html
2007-11-11,western,Y. Ming,/players/m/mingya01.html
2007-11-11,eastern,K. Garnett,/players/g/garneke01.html
2007-11-04,western,T. McGrady,/players/m/mcgratr01.html
2007-11-04,eastern,D. Granger,/players/g/grangda01.html
2007-04-15,western,T. McGrady,/players/m/mcgratr01.html
2007-04-15,eastern,B. Gordon,/players/g/gordobe01.html
2007-04-08,western,T. Duncan,/players/d/duncati01.html
2007-04-08,eastern,G. Wallace,/players/w/wallage01.html
2007-04-01,western,Y. Ming,/players/m/mingya01.html
2007-04-01,eastern,C. Bosh,/players/b/boshch01.html
2007-03-25,western,K. Bryant,/players/b/bryanko01.html
2007-03-25,eastern,G. Wallace,/players/w/wallage01.html
2007-03-18,western,K. Bryant,/players/b/bryanko01.html
2007-03-18,eastern,J. Kidd,/players/k/kiddja01.html
2007-03-11,western,M. Ginobili,/players/g/ginobma01.html
2007-03-11,eastern,L. James,/players/j/jamesle01.html
2007-03-04,western,K. Martin,/players/m/martike02.html
2007-03-04,eastern,A. Jefferson,/players/j/jeffeal01.html
2007-02-25,western,A. Stoudemire,/players/s/stoudam01.html
2007-02-25,eastern,V. Carter,/players/c/cartevi01.html
2007-02-11,western,C. Anthony,/players/a/anthoca01.html
2007-02-11,eastern,D. Wade,/players/w/wadedw01.html
2007-02-04,western,M. Okur,/players/o/okurme01.html
2007-02-04,eastern,D. Wade,/players/w/wadedw01.html
2007-01-28,western,S. Nash,/players/n/nashst01.html
2007-01-28,eastern,B. Gordon,/players/g/gordobe01.html
2007-01-21,western,S. Nash,/players/n/nashst01.html
2007-01-21,eastern,C. Butler,/players/b/butleca01.html
2007-01-14,western,D. Nowitzki,/players/n/nowitdi01.html
2007-01-14,eastern,D. Wade,/players/w/wadedw01.html
2007-01-07,western,K. Garnett,/players/g/garneke01.html
2007-01-07,eastern,G. Arenas,/players/a/arenagi01.html
2006-12-31,western,J. Howard,/players/h/howarjo01.html
2006-12-31,eastern,M. Redd,/players/r/reddmi01.html
2006-12-24,western,J. Howard,/players/h/howarjo01.html
2006-12-24,eastern,M. Williams,/players/w/willima01.html
2006-12-17,western,C. Boozer,/players/b/boozeca01.html
2006-12-17,eastern,G. Arenas,/players/a/arenagi01.html
2006-12-10,western,S. Nash,/players/n/nashst01.html
2006-12-10,eastern,G. Arenas,/players/a/arenagi01.html
2006-12-03,western,C. Anthony,/players/a/anthoca01.html
2006-12-03,eastern,M. Redd,/players/r/reddmi01.html
2006-11-26,western,C. Anthony,/players/a/anthoca01.html
2006-11-26,eastern,D. Howard,/players/h/howardw01.html
2006-11-19,western,D. Nowitzki,/players/n/nowitdi01.html
2006-11-19,eastern,L. James,/players/j/jamesle01.html
2006-11-12,western,Y. Ming,/players/m/mingya01.html
2006-11-12,eastern,J. Johnson,/players/j/johnsjo02.html
2006-11-05,western,C. Boozer,/players/b/boozeca01.html
2006-11-05,eastern,A. Iverson,/players/i/iversal01.html
2006-04-16,western,K. Bryant,/players/b/bryanko01.html
2006-04-16,eastern,B. Gordon,/players/g/gordobe01.html
2006-04-09,western,C. Wilcox,/players/w/wilcoch01.html
2006-04-09,eastern,J. Crawford,/players/c/crawfja01.html
2006-04-02,western,Y. Ming,/players/m/mingya01.html
2006-04-02,eastern,L. James,/players/j/jamesle01.html
2006-03-26,western,P. Gasol,/players/g/gasolpa01.html
2006-03-26,eastern,L. James,/players/j/jamesle01.html
2006-03-19,western,C. Anthony,/players/a/anthoca01.html
2006-03-19,eastern,L. James,/players/j/jamesle01.html
2006-03-12,western,M. Bibby,/players/b/bibbymi01.html
2006-03-12,eastern,P. Pierce,/players/p/piercpa01.html
2006-03-05,western,P. Gasol,/players/g/gasolpa01.html
2006-03-05,eastern,A. Iverson,/players/i/iversal01.html
2006-02-26,western,Y. Ming,/players/m/mingya01.html
2006-02-26,eastern,G. Arenas,/players/a/arenagi01.html
2006-02-12,western,T. Parker,/players/p/parketo01.html
2006-02-12,eastern,G. Arenas,/players/a/arenagi01.html
2006-02-05,western,C. Paul,/players/p/paulch01.html
2006-02-05,eastern,C. Bosh,/players/b/boshch01.html
2006-01-29,western,E. Brand,/players/b/brandel01.html
2006-01-29,eastern,L. James,/players/j/jamesle01.html
2006-01-22,western,K. Bryant,/players/b/bryanko01.html
2006-01-22,eastern,R. Hamilton,/players/h/hamilri01.html
2006-01-15,western,K. Garnett,/players/g/garneke01.html
2006-01-15,eastern,A. Iverson,/players/i/iversal01.html
2006-01-08,western,S. Nash,/players/n/nashst01.html
2006-01-08,eastern,M. James,/players/j/jamesmi01.html
2006-01-01,western,S. Marion,/players/m/mariosh01.html
2006-01-01,eastern,D. Wade,/players/w/wadedw01.html
2005-12-25,western,K. Bryant,/players/b/bryanko01.html
2005-12-25,eastern,V. Carter,/players/c/cartevi01.html
2005-12-18,western,K. Bryant,/players/b/bryanko01.html
2005-12-18,eastern,J. Johnson,/players/j/johnsjo02.html
2005-12-11,western,E. Brand,/players/b/brandel01.html
2005-12-11,eastern,A. Iverson,/players/i/iversal01.html
2005-12-04,western,B. Davis,/players/d/davisba01.html
2005-12-04,eastern,D. Wade,/players/w/wadedw01.html
2005-11-27,western,S. Nash,/players/n/nashst01.html
2005-11-27,eastern,G. Wallace,/players/w/wallage01.html
2005-11-20,western,E. Brand,/players/b/brandel01.html
2005-11-20,eastern,L. James,/players/j/jamesle01.html
2005-11-13,western,M. Camby,/players/c/cambyma01.html
2005-11-13,eastern,G. Arenas,/players/a/arenagi01.html
2005-11-06,western,K. Bryant,/players/b/bryanko01.html
2005-11-06,eastern,T. Ford,/players/f/fordtj01.html
2005-04-17,western,T. McGrady,/players/m/mcgratr01.html
2005-04-17,eastern,J. Kidd,/players/k/kiddja01.html
2005-04-10,western,B. Davis,/players/d/davisba01.html
2005-04-10,eastern,V. Carter,/players/c/cartevi01.html
2005-04-03,western,B. Davis,/players/d/davisba01.html
2005-04-03,eastern,R. Miller,/players/m/millere01.html
2005-03-27,western,R. Allen,/players/a/allenra02.html
2005-03-27,eastern,A. Iverson,/players/i/iversal01.html
2005-03-20,western,J. Richardson,/players/r/richaja01.html
2005-03-20,eastern,C. Billups,/players/b/billuch01.html
2005-03-13,western,T. McGrady,/players/m/mcgratr01.html
2005-03-13,eastern,P. Pierce,/players/p/piercpa01.html
2005-03-06,western,M. Camby,/players/c/cambyma01.html
2005-03-06,eastern,A. Iverson,/players/i/iversal01.html
2005-02-27,western,M. Bibby,/players/b/bibbymi01.html
2005-02-27,eastern,J. Rose,/players/r/roseja01.html
2005-02-13,western,S. Nash,/players/n/nashst01.html
2005-02-13,eastern,A. Iverson,/players/i/iversal01.html
2005-02-06,western,T. McGrady,/players/m/mcgratr01.html
2005-02-06,eastern,P. Pierce,/players/p/piercpa01.html
2005-01-30,western,B. Miller,/players/m/millebr01.html
2005-01-30,eastern,V. Carter,/players/c/cartevi01.html
2005-01-23,western,J. Terry,/players/t/terryja01.html
2005-01-23,eastern,L. James,/players/j/jamesle01.html
2005-01-16,western,T. McGrady,/players/m/mcgratr01.html
2005-01-16,eastern,L. Hughes,/players/h/hughela01.html
2005-01-09,western,B. Bowen,/players/b/bowenbr01.html
2005-01-09,eastern,C. Bosh,/players/b/boshch01.html
2005-01-02,western,P. Gasol,/players/g/gasolpa01.html
2005-01-02,eastern,S. Marbury,/players/m/marbust01.html
2004-12-26,western,S. Nash,/players/n/nashst01.html
2004-12-26,eastern,A. Iverson,/players/i/iversal01.html
2004-12-19,western,S. Marion,/players/m/mariosh01.html
2004-12-19,eastern,S. O'Neal,/players/o/onealsh01.html
2004-12-12,western,A. Stoudemire,/players/s/stoudam01.html
2004-12-12,eastern,R. Jefferson,/players/j/jefferi01.html
2004-12-05,western,D. Nowitzki,/players/n/nowitdi01.html
2004-12-05,eastern,G. Arenas,/players/a/arenagi01.html
2004-11-28,western,S. Marion,/players/m/mariosh01.html
2004-11-28,eastern,L. James,/players/j/jamesle01.html
2004-11-21,western,A. Stoudemire,/players/s/stoudam01.html
2004-11-21,eastern,G. Hill,/players/h/hillgr01.html
2004-11-14,western,R. Allen,/players/a/allenra02.html
2004-11-14,eastern,L. James,/players/j/jamesle01.html
2004-11-07,western,K. Garnett,/players/g/garneke01.html
2004-11-07,eastern,D. Wade,/players/w/wadedw01.html
2004-04-11,western,C. Anthony,/players/a/anthoca01.html
2004-04-11,eastern,J. Magloire,/players/m/magloja01.html
2004-04-04,western,D. Nowitzki,/players/n/nowitdi01.html
2004-04-04,eastern,R. Jefferson,/players/j/jefferi01.html
2004-03-28,western,K. Bryant,/players/b/bryanko01.html
2004-03-28,eastern,M. World Peace,/players/a/artesro01.html
2004-03-21,western,S. O'Neal,/players/o/onealsh01.html
2004-03-21,eastern,V. Carter,/players/c/cartevi01.html
2004-03-14,western,C. Anthony,/players/a/anthoca01.html
2004-03-14,eastern,Z. Ilgauskas,/players/i/ilgauzy01.html
2004-03-07,western,Y. Ming,/players/m/mingya01.html
2004-03-07,eastern,L. Odom,/players/o/odomla01.html
2004-02-29,western,A. Kirilenko,/players/k/kirilan01.html
2004-02-29,eastern,B. Wallace,/players/w/wallabe01.html
2004-02-22,western,K. Bryant,/players/b/bryanko01.html
2004-02-22,eastern,D. Wade,/players/w/wadedw01.html
2004-02-08,western,T. Duncan,/players/d/duncati01.html
2004-02-08,eastern,K. Martin,/players/m/martike01.html
2004-02-01,western,K. Garnett,/players/g/garneke01.html
2004-02-01,eastern,J. Kidd,/players/k/kiddja01.html
2004-01-25,western,K. Garnett,/players/g/garneke01.html
2004-01-25,eastern,C. Boozer,/players/b/boozeca01.html
2004-01-18,western,M. Finley,/players/f/finlemi01.html
2004-01-18,eastern,S. Marbury,/players/m/marbust01.html
2004-01-11,western,R. Allen,/players/a/allenra02.html
2004-01-11,eastern,P. Pierce,/players/p/piercpa01.html
2004-01-04,western,E. Brand,/players/b/brandel01.html
2004-01-04,eastern,B. Wallace,/players/w/wallabe01.html
2003-12-28,western,S. Cassell,/players/c/cassesa01.html
2003-12-28,eastern,J. Kidd,/players/k/kiddja01.html
2003-12-21,western,K. Garnett,/players/g/garneke01.html
2003-12-21,eastern,T. McGrady,/players/m/mcgratr01.html
2003-12-14,western,P. Stojakovic,/players/s/stojape01.html
2003-12-14,eastern,P. Pierce,/players/p/piercpa01.html
2003-12-07,western,S. O'Neal,/players/o/onealsh01.html
2003-12-07,eastern,V. Carter,/players/c/cartevi01.html
2003-11-30,western,V. Lenard,/players/l/lenarvo01.html
2003-11-30,eastern,D. Mutombo,/players/m/mutomdi01.html
2003-11-23,western,K. Garnett,/players/g/garneke01.html
2003-11-23,eastern,C. Billups,/players/b/billuch01.html
2003-11-16,western,Q. Richardson,/players/r/richaqu01.html
2003-11-16,eastern,A. Iverson,/players/i/iversal01.html
2003-11-09,western,A. Kirilenko,/players/k/kirilan01.html
2003-11-09,eastern,M. World Peace,/players/a/artesro01.html
2003-11-02,western,R. Lewis,/players/l/lewisra02.html
2003-11-02,eastern,B. Davis,/players/d/davisba01.html
2003-04-13,western,S. Marion,/players/m/mariosh01.html
2003-04-13,eastern,T. McGrady,/players/m/mcgratr01.html
2003-04-06,western,S. O'Neal,/players/o/onealsh01.html
2003-04-06,eastern,J. Kidd,/players/k/kiddja01.html
2003-03-30,western,T. Duncan,/players/d/duncati01.html
2003-03-30,eastern,R. Jefferson,/players/j/jefferi01.html
2003-03-23,western,P. Stojakovic,/players/s/stojape01.html
2003-03-23,eastern,B. Wallace,/players/w/wallabe01.html
2003-03-16,western,S. Francis,/players/f/francst01.html
2003-03-16,eastern,A. Iverson,/players/i/iversal01.html
2003-03-09,western,S. O'Neal,/players/o/onealsh01.html
2003-03-09,eastern,T. McGrady,/players/m/mcgratr01.html
2003-03-02,western,R. Allen,/players/a/allenra02.html
2003-03-02,eastern,M. Jordan,/players/j/jordami01.html
2003-02-23,western,K. Bryant,/players/b/bryanko01.html
2003-02-23,eastern,T. McGrady,/players/m/mcgratr01.html
2003-02-16,western,T. Duncan,/players/d/duncati01.html
2003-02-16,eastern,A. Houston,/players/h/houstal01.html
2003-02-02,western,K. Bryant,/players/b/bryanko01.html
2003-02-02,eastern,C. Billups,/players/b/billuch01.html
2003-01-26,western,T. Duncan,/players/d/duncati01.html
2003-01-26,eastern,P. Pierce,/players/p/piercpa01.html
2003-01-19,western,S. Francis,/players/f/francst01.html
2003-01-19,eastern,A. Walker,/players/w/walkean02.html
2003-01-12,western,K. Bryant,/players/b/bryanko01.html
2003-01-12,eastern,J. O'Neal,/players/o/onealje01.html
2003-01-05,western,D. Nowitzki,/players/n/nowitdi01.html
2003-01-05,eastern,M. Jordan,/players/j/jordami01.html
2002-12-29,western,T. Duncan,/players/d/duncati01.html
2002-12-29,eastern,L. Harris,/players/h/harrilu01.html
2002-12-22,western,T. Duncan,/players/d/duncati01.html
2002-12-22,eastern,J. Kidd,/players/k/kiddja01.html
2002-12-15,western,C. Webber,/players/w/webbech01.html
2002-12-15,eastern,A. Walker,/players/w/walkean02.html
2002-12-08,western,K. Bryant,/players/b/bryanko01.html
2002-12-08,eastern,P. Pierce,/players/p/piercpa01.html
2002-12-01,western,S. Marbury,/players/m/marbust01.html
2002-12-01,eastern,A. Iverson,/players/i/iversal01.html
2002-11-24,western,K. Garnett,/players/g/garneke01.html
2002-11-24,eastern,A. Iverson,/players/i/iversal01.html
2002-11-17,western,R. Lewis,/players/l/lewisra02.html
2002-11-17,eastern,M. World Peace,/players/a/artesro01.html
2002-11-10,western,D. Nowitzki,/players/n/nowitdi01.html
2002-11-10,eastern,J. Stackhouse,/players/s/stackje01.html
2002-11-03,western,K. Bryant,/players/b/bryanko01.html
2002-11-03,eastern,G. Robinson,/players/r/robingl01.html
2002-04-07,western,T. Duncan,/players/d/duncati01.html
2002-04-07,eastern,P. Pierce,/players/p/piercpa01.html
2002-03-31,western,S. Marion,/players/m/mariosh01.html
2002-03-31,eastern,B. Wallace,/players/w/wallabe01.html
2002-03-24,western,T. Duncan,/players/d/duncati01.html
2002-03-24,eastern,J. Kidd,/players/k/kiddja01.html
2002-03-17,western,T. Duncan,/players/d/duncati01.html
2002-03-17,eastern,T. McGrady,/players/m/mcgratr01.html
2002-03-10,western,S. O'Neal,/players/o/onealsh01.html
2002-03-10,eastern,K. Thomas,/players/t/thomaku01.html
2002-03-03,western,R. Wallace,/players/w/wallara01.html
2002-03-03,eastern,A. Iverson,/players/i/iversal01.html
2002-02-24,western,S. O'Neal,/players/o/onealsh01.html
2002-02-24,eastern,B. Wallace,/players/w/wallabe01.html
2002-02-17,western,K. Malone,/players/m/malonka01.html
2002-02-17,eastern,A. Miller,/players/m/millean02.html
2002-02-03,western,S. O'Neal,/players/o/onealsh01.html
2002-02-03,eastern,J. Kidd,/players/k/kiddja01.html
2002-01-27,western,D. Nowitzki,/players/n/nowitdi01.html
2002-01-27,eastern,A. Iverson,/players/i/iversal01.html
2002-01-20,western,K. Bryant,/players/b/bryanko01.html
2002-01-20,eastern,A. Iverson,/players/i/iversal01.html
2002-01-13,western,K. Garnett,/players/g/garneke01.html
2002-01-13,eastern,R. Allen,/players/a/allenra02.html
2002-01-06,western,C. Webber,/players/w/webbech01.html
2002-01-06,eastern,E. Jones,/players/j/jonesed02.html
2001-12-30,western,T. Duncan,/players/d/duncati01.html
2001-12-30,eastern,J. Kidd,/players/k/kiddja01.html
2001-12-23,western,G. Payton,/players/p/paytoga01.html
2001-12-23,eastern,J. O'Neal,/players/o/onealje01.html
2001-12-16,western,S. Nash,/players/n/nashst01.html
2001-12-16,eastern,R. Hamilton,/players/h/hamilri01.html
2001-12-09,western,E. Brand,/players/b/brandel01.html
2001-12-09,eastern,A. Miller,/players/m/millean02.html
2001-12-02,western,S. Marbury,/players/m/marbust01.html
2001-12-02,eastern,P. Pierce,/players/p/piercpa01.html
2001-11-25,western,T. Duncan,/players/d/duncati01.html
2001-11-25,eastern,S. Abdur-Rahim,/players/a/abdursh01.html
2001-11-18,western,K. Garnett,/players/g/garneke01.html
2001-11-18,eastern,A. Iverson,/players/i/iversal01.html
2001-11-11,western,T. Duncan,/players/d/duncati01.html
2001-11-11,eastern,V. Carter,/players/c/cartevi01.html
2001-11-04,western,K. Bryant,/players/b/bryanko01.html
2001-11-04,eastern,R. Allen,/players/a/allenra02.html
